"","Kind","Country","Year","Length"
"5","MWAY","CY","2015",272
"6","MWAY","CZ","2015",776
"7","MWAY","DE","2015",12993
"9","MWAY","EE","2015",147
"11","MWAY","ES","2015",15336
"12","MWAY","FI","2015",881
"13","MWAY","FR","2015",11599
"14","MWAY","HR","2015",1310
"15","MWAY","HU","2015",1883.9
"16","MWAY","IE","2015",916
"19","MWAY","LT","2015",309
"20","MWAY","LU","2015",161
"21","MWAY","LV","2015",0
"22","MWAY","MK","2015",259
"23","MWAY","NL","2015",2730
"25","MWAY","PL","2015",1559
"27","MWAY","RO","2015",747
"28","MWAY","SE","2015",2119
"29","MWAY","SI","2015",773
"30","MWAY","SK","2015",463.1
"31","MWAY","TR","2015",2159
"32","MWAY","UK","2015",3768.43
"38","RD_EUR","CZ","2015",2628
"41","RD_EUR","EE","2015",953
"43","RD_EUR","FI","2015",4286
"44","RD_EUR","FR","2015",1086219
"45","RD_EUR","HR","2015",2251
"46","RD_EUR","HU","2015",2348.2
"50","RD_EUR","LT","2015",1639
"51","RD_EUR","LV","2015",202
"52","RD_EUR","MK","2015",553
"55","RD_EUR","PL","2015",5500
"57","RD_EUR","RO","2015",6193
"58","RD_EUR","SE","2015",6744
"59","RD_EUR","SI","2015",728
"60","RD_EUR","SK","2015",1520.1
"61","RD_EUR","TR","2015",9353
"63","MWAY","AT","2014",1719
"65","MWAY","BG","2014",610
"66","MWAY","CH","2014",1429
"67","MWAY","CY","2014",257
"68","MWAY","CZ","2014",776
"69","MWAY","DE","2014",12949
"71","MWAY","EE","2014",141
"73","MWAY","ES","2014",15049
"74","MWAY","FI","2014",881
"75","MWAY","FR","2014",11560
"76","MWAY","HR","2014",1290
"77","MWAY","HU","2014",1781.8
"78","MWAY","IE","2014",897
"80","MWAY","IT","2014",6844
"81","MWAY","LT","2014",309
"82","MWAY","LU","2014",152
"83","MWAY","LV","2014",0
"85","MWAY","NL","2014",2678
"87","MWAY","PL","2014",1556
"88","MWAY","PT","2014",3065
"89","MWAY","RO","2014",683
"90","MWAY","SE","2014",2088
"91","MWAY","SI","2014",770
"92","MWAY","SK","2014",419.7
"93","MWAY","TR","2014",2282
"94","MWAY","UK","2014",3759.62
"95","RD_EUR","AT","2014",2248
"97","RD_EUR","BG","2014",2926
"98","RD_EUR","CH","2014",1466
"100","RD_EUR","CZ","2014",2628
"103","RD_EUR","EE","2014",995
"104","RD_EUR","ES","2014",0
"105","RD_EUR","FI","2014",4216
"106","RD_EUR","FR","2014",1081664
"107","RD_EUR","HR","2014",2251
"108","RD_EUR","HU","2014",2345.3
"112","RD_EUR","LT","2014",1639
"113","RD_EUR","LV","2014",202
"117","RD_EUR","PL","2014",5500
"118","RD_EUR","PT","2014",2241
"119","RD_EUR","RO","2014",6194
"120","RD_EUR","SE","2014",6742
"121","RD_EUR","SI","2014",729
"122","RD_EUR","SK","2014",1523.5
"123","RD_EUR","TR","2014",9353
"125","MWAY","AT","2013",1719
"127","MWAY","BG","2013",605
"128","MWAY","CH","2013",1419
"129","MWAY","CY","2013",257
"130","MWAY","CZ","2013",776
"131","MWAY","DE","2013",12917
"133","MWAY","EE","2013",140
"135","MWAY","ES","2013",14981
"136","MWAY","FI","2013",810
"137","MWAY","FR","2013",11552
"138","MWAY","HR","2013",1289
"139","MWAY","HU","2013",1766.9
"140","MWAY","IE","2013",897
"142","MWAY","IT","2013",6751
"143","MWAY","LT","2013",309
"144","MWAY","LU","2013",152
"145","MWAY","LV","2013",0
"147","MWAY","NL","2013",2666
"149","MWAY","PL","2013",1482
"150","MWAY","PT","2013",3035
"151","MWAY","RO","2013",644
"152","MWAY","SE","2013",2044
"153","MWAY","SI","2013",770
"154","MWAY","SK","2013",419.8
"155","MWAY","TR","2013",2127
"156","MWAY","UK","2013",3756.02
"157","RD_EUR","AT","2013",2248
"159","RD_EUR","BG","2013",2899
"160","RD_EUR","CH","2013",1466
"162","RD_EUR","CZ","2013",2632
"165","RD_EUR","EE","2013",995
"167","RD_EUR","FI","2013",4210
"168","RD_EUR","FR","2013",1071823
"169","RD_EUR","HR","2013",2200
"170","RD_EUR","HU","2013",2351.8
"174","RD_EUR","LT","2013",1639
"175","RD_EUR","LV","2013",202
"179","RD_EUR","PL","2013",5500
"180","RD_EUR","PT","2013",2241
"181","RD_EUR","RO","2013",6269
"182","RD_EUR","SE","2013",6745
"183","RD_EUR","SI","2013",729
"184","RD_EUR","SK","2013",1528
"185","RD_EUR","TR","2013",9353
"187","MWAY","AT","2012",1719
"189","MWAY","BG","2012",541
"190","MWAY","CH","2012",1419
"191","MWAY","CY","2012",257
"192","MWAY","CZ","2012",751
"193","MWAY","DE","2012",12879
"195","MWAY","EE","2012",124
"197","MWAY","ES","2012",14701
"198","MWAY","FI","2012",780
"199","MWAY","FR","2012",11413
"200","MWAY","HR","2012",1254
"201","MWAY","HU","2012",1515.1
"202","MWAY","IE","2012",900
"204","MWAY","IT","2012",6726
"205","MWAY","LT","2012",309
"207","MWAY","LV","2012",0
"208","MWAY","MK","2012",259
"209","MWAY","NL","2012",2658
"210","MWAY","NO","2012",392
"211","MWAY","PL","2012",1365
"212","MWAY","PT","2012",2988
"213","MWAY","RO","2012",550
"214","MWAY","SE","2012",2004
"215","MWAY","SI","2012",769
"216","MWAY","SK","2012",419.2
"217","MWAY","TR","2012",2127
"218","MWAY","UK","2012",3732.5
"219","RD_EUR","AT","2012",2248
"221","RD_EUR","BG","2012",2899
"222","RD_EUR","CH","2012",1466
"224","RD_EUR","CZ","2012",2634
"227","RD_EUR","EE","2012",995
"229","RD_EUR","FI","2012",4212
"231","RD_EUR","HR","2012",2251
"232","RD_EUR","HU","2012",2331.5
"236","RD_EUR","LT","2012",1642
"237","RD_EUR","LV","2012",202
"238","RD_EUR","MK","2012",553
"241","RD_EUR","PL","2012",5500
"242","RD_EUR","PT","2012",2244
"243","RD_EUR","RO","2012",6263
"244","RD_EUR","SE","2012",6746
"245","RD_EUR","SI","2012",729
"246","RD_EUR","SK","2012",1535.1
"247","RD_EUR","TR","2012",9361
"249","MWAY","AT","2011",1719
"251","MWAY","BG","2011",458
"252","MWAY","CH","2011",1415
"253","MWAY","CY","2011",257
"254","MWAY","CZ","2011",745
"255","MWAY","DE","2011",12845
"257","MWAY","EE","2011",115
"259","MWAY","ES","2011",14531
"260","MWAY","FI","2011",790
"261","MWAY","FR","2011",11413
"262","MWAY","HR","2011",1254
"263","MWAY","HU","2011",1515.5
"264","MWAY","IE","2011",900
"266","MWAY","IT","2011",6668
"267","MWAY","LT","2011",309
"269","MWAY","LV","2011",0
"270","MWAY","MK","2011",259
"272","MWAY","NO","2011",393
"273","MWAY","PL","2011",1070
"274","MWAY","PT","2011",2737
"275","MWAY","RO","2011",350
"276","MWAY","SE","2011",1957
"277","MWAY","SI","2011",768
"278","MWAY","SK","2011",419.2
"279","MWAY","TR","2011",2119
"280","MWAY","UK","2011",3685.7
"281","RD_EUR","AT","2011",2248
"283","RD_EUR","BG","2011",2977
"284","RD_EUR","CH","2011",1466
"286","RD_EUR","CZ","2011",2634
"289","RD_EUR","EE","2011",995
"291","RD_EUR","FI","2011",4170
"293","RD_EUR","HR","2011",2250
"294","RD_EUR","HU","2011",2253.6
"298","RD_EUR","LT","2011",1642
"299","RD_EUR","LV","2011",202
"300","RD_EUR","MK","2011",553
"303","RD_EUR","PL","2011",5500
"304","RD_EUR","PT","2011",2250
"305","RD_EUR","RO","2011",6188
"306","RD_EUR","SE","2011",6453
"308","RD_EUR","SK","2011",1535.6
"311","MWAY","AT","2010",1719
"312","MWAY","BE","2010",1763
"313","MWAY","BG","2010",437
"314","MWAY","CH","2010",1406
"315","MWAY","CY","2010",257
"316","MWAY","CZ","2010",734
"317","MWAY","DE","2010",12819
"319","MWAY","EE","2010",115
"321","MWAY","ES","2010",14262
"322","MWAY","FI","2010",779
"323","MWAY","FR","2010",11392
"324","MWAY","HR","2010",1244
"325","MWAY","HU","2010",1477
"326","MWAY","IE","2010",900.27
"328","MWAY","IT","2010",6668
"329","MWAY","LT","2010",309
"331","MWAY","LV","2010",0
"332","MWAY","MK","2010",251
"334","MWAY","NO","2010",381
"335","MWAY","PL","2010",857
"336","MWAY","PT","2010",2737
"337","MWAY","RO","2010",332
"338","MWAY","SE","2010",1971
"339","MWAY","SI","2010",768
"340","MWAY","SK","2010",415.7
"341","MWAY","TR","2010",2080
"342","MWAY","UK","2010",3673
"343","RD_EUR","AT","2010",2242
"346","RD_EUR","CH","2010",1466
"348","RD_EUR","CZ","2010",2636
"351","RD_EUR","EE","2010",995
"353","RD_EUR","FI","2010",4176
"355","RD_EUR","HR","2010",2238
"356","RD_EUR","HU","2010",2254.3
"360","RD_EUR","LT","2010",1643
"361","RD_EUR","LV","2010",202
"362","RD_EUR","MK","2010",553
"365","RD_EUR","PL","2010",5500
"366","RD_EUR","PT","2010",2251
"367","RD_EUR","RO","2010",6188
"368","RD_EUR","SE","2010",6454
"370","RD_EUR","SK","2010",1124
"372","RD_EUR","UK","2010",3792
"373","MWAY","AT","2009",1696
"374","MWAY","BE","2009",1763
"375","MWAY","BG","2009",418
"376","MWAY","CH","2009",1406
"377","MWAY","CY","2009",257
"378","MWAY","CZ","2009",729
"379","MWAY","DE","2009",12813
"381","MWAY","EE","2009",100
"383","MWAY","ES","2009",14021
"384","MWAY","FI","2009",765
"385","MWAY","FR","2009",11163
"386","MWAY","HR","2009",1244
"387","MWAY","HU","2009",1273
"388","MWAY","IE","2009",663
"390","MWAY","IT","2009",6661
"391","MWAY","LT","2009",309
"392","MWAY","LU","2009",152
"393","MWAY","LV","2009",0
"394","MWAY","MK","2009",251
"395","MWAY","NL","2009",2631
"396","MWAY","NO","2009",344
"397","MWAY","PL","2009",849
"398","MWAY","PT","2009",2705
"399","MWAY","RO","2009",321
"400","MWAY","SE","2009",1923
"401","MWAY","SI","2009",747
"402","MWAY","SK","2009",391
"403","MWAY","TR","2009",2036
"404","MWAY","UK","2009",3673.9
"405","RD_EUR","AT","2009",2242
"408","RD_EUR","CH","2009",1466
"410","RD_EUR","CZ","2009",2603
"415","RD_EUR","FI","2009",4283
"417","RD_EUR","HR","2009",2251
"418","RD_EUR","HU","2009",2240
"422","RD_EUR","LT","2009",1650
"423","RD_EUR","LV","2009",202
"424","RD_EUR","MK","2009",553
"427","RD_EUR","PL","2009",5500
"428","RD_EUR","PT","2009",2254
"429","RD_EUR","RO","2009",6180
"430","RD_EUR","SE","2009",6459
"432","RD_EUR","SK","2009",1536.6
"433","RD_EUR","TR","2009",9347
"434","RD_EUR","UK","2009",3756
"435","MWAY","AT","2008",1696
"436","MWAY","BE","2008",1763
"437","MWAY","BG","2008",418
"438","MWAY","CH","2008",1383
"439","MWAY","CY","2008",257
"440","MWAY","CZ","2008",691
"441","MWAY","DE","2008",12645
"442","MWAY","DK","2008",1128
"443","MWAY","EE","2008",104
"445","MWAY","ES","2008",13518
"446","MWAY","FI","2008",739
"447","MWAY","FR","2008",11042
"448","MWAY","HR","2008",1199
"449","MWAY","HU","2008",1273.7
"450","MWAY","IE","2008",423
"452","MWAY","IT","2008",6629
"453","MWAY","LT","2008",309
"454","MWAY","LU","2008",147
"455","MWAY","LV","2008",0
"456","MWAY","MK","2008",237
"457","MWAY","NL","2008",2637
"458","MWAY","NO","2008",253
"459","MWAY","PL","2008",765
"460","MWAY","PT","2008",2673
"461","MWAY","RO","2008",281
"462","MWAY","SE","2008",1857
"463","MWAY","SI","2008",696
"464","MWAY","SK","2008",384
"465","MWAY","TR","2008",1922
"466","MWAY","UK","2008",3673
"467","RD_EUR","AT","2008",2236
"470","RD_EUR","CH","2008",1466
"472","RD_EUR","CZ","2008",2604
"474","RD_EUR","DK","2008",936
"477","RD_EUR","FI","2008",4279
"479","RD_EUR","HR","2008",2256
"480","RD_EUR","HU","2008",2237.8
"484","RD_EUR","LT","2008",1649
"485","RD_EUR","LV","2008",202
"486","RD_EUR","MK","2008",553
"489","RD_EUR","PL","2008",5500
"490","RD_EUR","PT","2008",2258
"491","RD_EUR","RO","2008",6073
"492","RD_EUR","SE","2008",6389
"493","RD_EUR","SI","2008",624
"494","RD_EUR","SK","2008",1538.8
"495","RD_EUR","TR","2008",8878
"496","RD_EUR","UK","2008",3756
"497","MWAY","AT","2007",1696
"498","MWAY","BE","2007",1763
"499","MWAY","BG","2007",418
"500","MWAY","CH","2007",1383
"501","MWAY","CY","2007",257
"502","MWAY","CZ","2007",657
"503","MWAY","DE","2007",12594
"504","MWAY","DK","2007",1111
"505","MWAY","EE","2007",96
"507","MWAY","ES","2007",13013
"508","MWAY","FI","2007",700
"509","MWAY","FR","2007",10958
"510","MWAY","HR","2007",1156
"511","MWAY","HU","2007",858
"512","MWAY","IE","2007",269
"514","MWAY","IT","2007",6588
"515","MWAY","LT","2007",309
"516","MWAY","LU","2007",147
"517","MWAY","LV","2007",0
"518","MWAY","MK","2007",221
"519","MWAY","NL","2007",2582
"520","MWAY","NO","2007",239
"521","MWAY","PL","2007",663
"522","MWAY","PT","2007",2613
"523","MWAY","RO","2007",281
"524","MWAY","SE","2007",1836
"525","MWAY","SI","2007",579
"526","MWAY","SK","2007",364.5
"527","MWAY","TR","2007",1908
"528","MWAY","UK","2007",3669
"529","RD_EUR","AT","2007",2250
"532","RD_EUR","CH","2007",1466
"534","RD_EUR","CZ","2007",2595
"536","RD_EUR","DK","2007",936
"539","RD_EUR","FI","2007",4279
"541","RD_EUR","HR","2007",2256
"542","RD_EUR","HU","2007",2195
"546","RD_EUR","LT","2007",1649
"547","RD_EUR","LV","2007",202
"548","RD_EUR","MK","2007",553
"551","RD_EUR","PL","2007",5500
"552","RD_EUR","PT","2007",2258
"553","RD_EUR","RO","2007",5983
"554","RD_EUR","SE","2007",6406
"555","RD_EUR","SI","2007",624
"556","RD_EUR","SK","2007",1559.5
"557","RD_EUR","TR","2007",8878
"558","RD_EUR","UK","2007",3756
"559","MWAY","AT","2006",1678
"560","MWAY","BE","2006",1763
"561","MWAY","BG","2006",394
"562","MWAY","CH","2006",1361
"563","MWAY","CY","2006",257
"564","MWAY","CZ","2006",633
"565","MWAY","DE","2006",12531
"566","MWAY","DK","2006",1071
"567","MWAY","EE","2006",99
"569","MWAY","ES","2006",12073
"570","MWAY","FI","2006",700
"571","MWAY","FR","2006",10848
"572","MWAY","HR","2006",1081
"573","MWAY","HU","2006",785
"574","MWAY","IE","2006",270
"576","MWAY","IT","2006",6554
"577","MWAY","LT","2006",309
"578","MWAY","LU","2006",147
"579","MWAY","LV","2006",0
"580","MWAY","MK","2006",216
"581","MWAY","NL","2006",2604
"582","MWAY","NO","2006",271
"583","MWAY","PL","2006",663
"584","MWAY","PT","2006",2545
"585","MWAY","RO","2006",228
"586","MWAY","SE","2006",1744
"587","MWAY","SI","2006",579
"588","MWAY","SK","2006",327.5
"589","MWAY","TR","2006",1908
"590","MWAY","UK","2006",3665
"591","RD_EUR","AT","2006",2235
"594","RD_EUR","CH","2006",1466
"596","RD_EUR","CZ","2006",2599
"601","RD_EUR","FI","2006",4279
"603","RD_EUR","HR","2006",2049
"604","RD_EUR","HU","2006",2133
"608","RD_EUR","LT","2006",1649
"609","RD_EUR","LV","2006",202
"610","RD_EUR","MK","2006",548
"613","RD_EUR","PL","2006",5500
"614","RD_EUR","PT","2006",2262
"615","RD_EUR","RO","2006",5883
"616","RD_EUR","SE","2006",5293
"617","RD_EUR","SI","2006",624
"618","RD_EUR","SK","2006",1537.1
"619","RD_EUR","TR","2006",8878
"620","RD_EUR","UK","2006",3756
"621","MWAY","AT","2005",1677
"622","MWAY","BE","2005",1747
"623","MWAY","BG","2005",331
"624","MWAY","CH","2005",1358
"625","MWAY","CY","2005",276
"626","MWAY","CZ","2005",564
"627","MWAY","DE","2005",12363
"629","MWAY","EE","2005",99
"631","MWAY","ES","2005",11432
"632","MWAY","FI","2005",693
"633","MWAY","FR","2005",10800
"634","MWAY","HR","2005",1016
"635","MWAY","HU","2005",636
"636","MWAY","IE","2005",247
"637","MWAY","IS","2005",11
"638","MWAY","IT","2005",6542
"639","MWAY","LT","2005",417
"640","MWAY","LU","2005",147
"641","MWAY","LV","2005",0
"642","MWAY","MK","2005",216
"643","MWAY","NL","2005",2600
"644","MWAY","NO","2005",264
"645","MWAY","PL","2005",552
"647","MWAY","RO","2005",228
"648","MWAY","SE","2005",1677
"649","MWAY","SI","2005",569
"650","MWAY","SK","2005",327.5
"651","MWAY","TR","2005",1667
"652","MWAY","UK","2005",3629
"653","RD_EUR","AT","2005",2236
"656","RD_EUR","CH","2005",1466
"658","RD_EUR","CZ","2005",2601
"663","RD_EUR","FI","2005",4267
"665","RD_EUR","HR","2005",2037
"666","RD_EUR","HU","2005",2115
"668","RD_EUR","IS","2005",0
"670","RD_EUR","LT","2005",1670
"671","RD_EUR","LV","2005",202
"672","RD_EUR","MK","2005",548
"675","RD_EUR","PL","2005",5500
"677","RD_EUR","RO","2005",5873
"678","RD_EUR","SE","2005",5293
"679","RD_EUR","SI","2005",634
"680","RD_EUR","SK","2005",1537.5
"681","RD_EUR","TR","2005",8875
"682","RD_EUR","UK","2005",3756
"683","MWAY","AT","2004",1677
"684","MWAY","BE","2004",1747
"685","MWAY","BG","2004",331
"686","MWAY","CH","2004",1341
"687","MWAY","CY","2004",268
"688","MWAY","CZ","2004",546
"689","MWAY","DE","2004",12174
"691","MWAY","EE","2004",96
"693","MWAY","ES","2004",10747
"694","MWAY","FI","2004",653
"695","MWAY","FR","2004",10486
"696","MWAY","HR","2004",925
"697","MWAY","HU","2004",569
"698","MWAY","IE","2004",192
"699","MWAY","IS","2004",0
"700","MWAY","IT","2004",6532
"701","MWAY","LT","2004",417
"702","MWAY","LU","2004",146
"703","MWAY","LV","2004",0
"705","MWAY","NL","2004",2585
"706","MWAY","NO","2004",193
"707","MWAY","PL","2004",552
"709","MWAY","RO","2004",228
"710","MWAY","SE","2004",1684
"711","MWAY","SI","2004",483
"712","MWAY","SK","2004",316.2
"713","MWAY","TR","2004",1662
"714","MWAY","UK","2004",3657
"715","RD_EUR","AT","2004",2242
"718","RD_EUR","CH","2004",1391
"720","RD_EUR","CZ","2004",2601
"725","RD_EUR","FI","2004",4266
"727","RD_EUR","HR","2004",2037
"728","RD_EUR","HU","2004",2101
"730","RD_EUR","IS","2004",0
"732","RD_EUR","LT","2004",1670
"733","RD_EUR","LV","2004",202
"737","RD_EUR","PL","2004",5500
"739","RD_EUR","RO","2004",5868
"740","RD_EUR","SE","2004",5293
"741","RD_EUR","SI","2004",626
"742","RD_EUR","SK","2004",1535.3
"743","RD_EUR","TR","2004",7035
"744","RD_EUR","UK","2004",3756
"745","MWAY","AT","2003",1670
"746","MWAY","BE","2003",1729
"747","MWAY","BG","2003",328
"748","MWAY","CH","2003",1351
"749","MWAY","CY","2003",268
"750","MWAY","CZ","2003",518
"751","MWAY","DE","2003",12044
"753","MWAY","EE","2003",98
"755","MWAY","ES","2003",10296
"756","MWAY","FI","2003",653
"757","MWAY","FR","2003",10379
"758","MWAY","HR","2003",754
"759","MWAY","HU","2003",542
"760","MWAY","IE","2003",176
"762","MWAY","IT","2003",6487
"763","MWAY","LT","2003",417
"764","MWAY","LU","2003",147
"765","MWAY","LV","2003",0
"767","MWAY","NL","2003",2542
"769","MWAY","PL","2003",405
"771","MWAY","RO","2003",113
"772","MWAY","SE","2003",1591
"773","MWAY","SI","2003",477
"774","MWAY","SK","2003",312.8
"775","MWAY","TR","2003",1753
"776","MWAY","UK","2003",3611
"777","RD_EUR","AT","2003",2246
"780","RD_EUR","CH","2003",1391
"781","RD_EUR","CY","2003",0
"782","RD_EUR","CZ","2003",2599
"785","RD_EUR","EE","2003",426.6
"787","RD_EUR","FI","2003",4266
"789","RD_EUR","HR","2003",2037
"790","RD_EUR","HU","2003",2015
"794","RD_EUR","LT","2003",1496
"795","RD_EUR","LV","2003",202
"799","RD_EUR","PL","2003",5500
"801","RD_EUR","RO","2003",5827
"802","RD_EUR","SE","2003",5293
"803","RD_EUR","SI","2003",621
"804","RD_EUR","SK","2003",1535.1
"805","RD_EUR","TR","2003",5953
"806","RD_EUR","UK","2003",3757
"807","MWAY","AT","2002",1645
"808","MWAY","BE","2002",1729
"809","MWAY","BG","2002",328
"810","MWAY","CH","2002",1342
"811","MWAY","CY","2002",268
"812","MWAY","CZ","2002",517.7
"813","MWAY","DE","2002",12037
"814","MWAY","DK","2002",1010
"815","MWAY","EE","2002",98
"817","MWAY","ES","2002",9739
"818","MWAY","FI","2002",603
"819","MWAY","FR","2002",10223
"820","MWAY","HR","2002",613
"821","MWAY","HU","2002",533
"822","MWAY","IE","2002",125
"824","MWAY","IT","2002",6487
"825","MWAY","LT","2002",417
"826","MWAY","LU","2002",126
"827","MWAY","LV","2002",0
"828","MWAY","MK","2002",208
"829","MWAY","NL","2002",2516
"830","MWAY","NO","2002",173
"831","MWAY","PL","2002",405
"832","MWAY","PT","2002",1835
"833","MWAY","RO","2002",113
"834","MWAY","SE","2002",1544
"835","MWAY","SI","2002",456
"836","MWAY","SK","2002",301.6
"837","MWAY","TR","2002",1714
"838","MWAY","UK","2002",3611
"839","RD_EUR","AT","2002",2244
"842","RD_EUR","CH","2002",1391
"843","RD_EUR","CY","2002",0
"844","RD_EUR","CZ","2002",2599.4
"847","RD_EUR","EE","2002",426.6
"849","RD_EUR","FI","2002",4241
"851","RD_EUR","HR","2002",2037
"852","RD_EUR","HU","2002",2048
"856","RD_EUR","LT","2002",1519
"857","RD_EUR","LV","2002",202
"858","RD_EUR","MK","2002",548
"859","RD_EUR","MT","2002",0
"861","RD_EUR","PL","2002",5500
"862","RD_EUR","PT","2002",2303
"863","RD_EUR","RO","2002",5568
"864","RD_EUR","SE","2002",5293
"865","RD_EUR","SI","2002",625
"866","RD_EUR","SK","2002",1240.6
"867","RD_EUR","TR","2002",5953
"868","RD_EUR","UK","2002",3757
"869","MWAY","AT","2001",1645
"870","MWAY","BE","2001",1727
"871","MWAY","BG","2001",328
"872","MWAY","CH","2001",1305
"873","MWAY","CY","2001",257
"874","MWAY","CZ","2001",517.6
"875","MWAY","DE","2001",11786
"876","MWAY","DK","2001",971
"877","MWAY","EE","2001",93
"879","MWAY","ES","2001",9571
"880","MWAY","FI","2001",591
"881","MWAY","FR","2001",10068
"882","MWAY","HR","2001",429
"883","MWAY","HU","2001",448
"884","MWAY","IE","2001",125
"886","MWAY","IT","2001",6478
"887","MWAY","LT","2001",417
"888","MWAY","LU","2001",115
"889","MWAY","LV","2001",0
"890","MWAY","MK","2001",145
"891","MWAY","NL","2001",2499
"892","MWAY","NO","2001",143
"893","MWAY","PL","2001",398
"894","MWAY","PT","2001",1659
"895","MWAY","RO","2001",113
"896","MWAY","SE","2001",1507
"897","MWAY","SI","2001",435
"898","MWAY","SK","2001",296.4
"899","MWAY","TR","2001",1696
"900","MWAY","UK","2001",3610
"901","RD_EUR","AT","2001",2244
"904","RD_EUR","CH","2001",1391
"905","RD_EUR","CY","2001",0
"906","RD_EUR","CZ","2001",2601.2
"908","RD_EUR","DK","2001",959
"909","RD_EUR","EE","2001",426.6
"911","RD_EUR","FI","2001",4241
"913","RD_EUR","HR","2001",2268
"914","RD_EUR","HU","2001",2054
"918","RD_EUR","LT","2001",1490
"919","RD_EUR","LV","2001",202
"920","RD_EUR","MK","2001",548
"921","RD_EUR","MT","2001",0
"923","RD_EUR","PL","2001",5500
"924","RD_EUR","PT","2001",2280
"925","RD_EUR","RO","2001",5568
"926","RD_EUR","SE","2001",4903
"927","RD_EUR","SI","2001",618
"928","RD_EUR","SK","2001",1277.9
"929","RD_EUR","TR","2001",5953
"930","RD_EUR","UK","2001",3757
"931","MWAY","AT","2000",1633
"932","MWAY","BE","2000",1702
"933","MWAY","BG","2000",324
"934","MWAY","CH","2000",1270
"935","MWAY","CY","2000",240
"936","MWAY","CZ","2000",499.4
"937","MWAY","DE","2000",11712
"938","MWAY","DK","2000",953
"939","MWAY","EE","2000",93
"941","MWAY","ES","2000",9049
"942","MWAY","FI","2000",549
"943","MWAY","FR","2000",9766
"944","MWAY","HR","2000",411
"945","MWAY","HU","2000",448
"946","MWAY","IE","2000",103
"948","MWAY","IT","2000",6478
"949","MWAY","LT","2000",417
"950","MWAY","LU","2000",114
"951","MWAY","LV","2000",0
"952","MWAY","MK","2000",144
"953","MWAY","NL","2000",2265
"954","MWAY","NO","2000",144
"955","MWAY","PL","2000",358
"956","MWAY","PT","2000",1482
"957","MWAY","RO","2000",113
"958","MWAY","SE","2000",1499
"959","MWAY","SI","2000",427
"960","MWAY","SK","2000",295.7
"961","MWAY","TR","2000",1674
"962","MWAY","UK","2000",3600
"963","RD_EUR","AT","2000",2244
"966","RD_EUR","CH","2000",1380
"967","RD_EUR","CY","2000",0
"968","RD_EUR","CZ","2000",2599.2
"970","RD_EUR","DK","2000",941
"971","RD_EUR","EE","2000",426.6
"973","RD_EUR","FI","2000",3623
"975","RD_EUR","HR","2000",1948
"976","RD_EUR","HU","2000",2049
"977","RD_EUR","IE","2000",823
"980","RD_EUR","LT","2000",1490
"981","RD_EUR","LV","2000",202
"982","RD_EUR","MK","2000",541
"983","RD_EUR","MT","2000",0
"984","RD_EUR","NO","2000",6362
"985","RD_EUR","PL","2000",5500
"986","RD_EUR","PT","2000",2266
"987","RD_EUR","RO","2000",5572
"988","RD_EUR","SE","2000",4889
"989","RD_EUR","SI","2000",629
"990","RD_EUR","SK","2000",1277.1
"991","RD_EUR","TR","2000",5953
"992","RD_EUR","UK","2000",3750
"993","MWAY","AT","1999",1634
"994","MWAY","BE","1999",1691
"995","MWAY","BG","1999",324
"996","MWAY","CH","1999",1267
"997","MWAY","CY","1999",216
"998","MWAY","CZ","1999",499.4
"999","MWAY","DE","1999",11515
"1000","MWAY","DK","1999",892
"1001","MWAY","EE","1999",86.6
"1003","MWAY","ES","1999",8893
"1004","MWAY","FI","1999",512
"1005","MWAY","FR","1999",9626
"1006","MWAY","HR","1999",382
"1007","MWAY","HU","1999",448
"1008","MWAY","IE","1999",103
"1010","MWAY","IT","1999",6478
"1011","MWAY","LT","1999",417
"1012","MWAY","LU","1999",115
"1013","MWAY","LV","1999",0
"1014","MWAY","MK","1999",144
"1015","MWAY","NL","1999",2291
"1016","MWAY","NO","1999",128
"1017","MWAY","PL","1999",317
"1018","MWAY","PT","1999",1441
"1019","MWAY","RO","1999",113
"1020","MWAY","SE","1999",1484
"1021","MWAY","SI","1999",399
"1022","MWAY","SK","1999",295
"1024","MWAY","UK","1999",3582
"1025","RD_EUR","AT","1999",2250
"1028","RD_EUR","CH","1999",1380
"1029","RD_EUR","CY","1999",0
"1030","RD_EUR","CZ","1999",2655
"1032","RD_EUR","DK","1999",927
"1033","RD_EUR","EE","1999",426.6
"1035","RD_EUR","FI","1999",3662
"1037","RD_EUR","HR","1999",2100
"1038","RD_EUR","HU","1999",2058
"1039","RD_EUR","IE","1999",823
"1042","RD_EUR","LT","1999",1487
"1043","RD_EUR","LV","1999",202
"1044","RD_EUR","MK","1999",541
"1045","RD_EUR","MT","1999",0
"1046","RD_EUR","NO","1999",6284
"1047","RD_EUR","PL","1999",5570
"1048","RD_EUR","PT","1999",2260
"1049","RD_EUR","RO","1999",4670
"1050","RD_EUR","SE","1999",4901
"1051","RD_EUR","SI","1999",619
"1052","RD_EUR","SK","1999",1276.4
"1054","RD_EUR","UK","1999",3749
"1055","MWAY","AT","1998",1613
"1056","MWAY","BE","1998",1682
"1057","MWAY","BG","1998",319
"1058","MWAY","CH","1998",1262
"1059","MWAY","CY","1998",204
"1060","MWAY","CZ","1998",499.4
"1061","MWAY","DE","1998",11427
"1062","MWAY","DK","1998",873
"1063","MWAY","EE","1998",73.6
"1065","MWAY","ES","1998",8269
"1066","MWAY","FI","1998",473
"1067","MWAY","FR","1998",9303
"1068","MWAY","HR","1998",330
"1069","MWAY","HU","1998",448
"1070","MWAY","IE","1998",103
"1072","MWAY","IT","1998",6478
"1073","MWAY","LT","1998",417
"1074","MWAY","LU","1998",115
"1075","MWAY","LV","1998",0
"1076","MWAY","MK","1998",144
"1077","MWAY","NL","1998",2225
"1078","MWAY","NO","1998",128
"1079","MWAY","PL","1998",268
"1080","MWAY","PT","1998",1252
"1081","MWAY","RO","1998",113
"1082","MWAY","SE","1998",1439
"1083","MWAY","SI","1998",369
"1084","MWAY","SK","1998",292
"1085","MWAY","TR","1998",1726
"1086","MWAY","UK","1998",3554
"1087","RD_EUR","AT","1998",2250
"1090","RD_EUR","CH","1998",1381
"1091","RD_EUR","CY","1998",0
"1092","RD_EUR","CZ","1998",2655
"1094","RD_EUR","DK","1998",935
"1095","RD_EUR","EE","1998",426.6
"1097","RD_EUR","FI","1998",3657
"1099","RD_EUR","HR","1998",2154
"1100","RD_EUR","HU","1998",2001
"1101","RD_EUR","IE","1998",794
"1104","RD_EUR","LT","1998",916
"1105","RD_EUR","LV","1998",202
"1106","RD_EUR","MK","1998",541
"1107","RD_EUR","MT","1998",0
"1108","RD_EUR","NO","1998",6273
"1109","RD_EUR","PL","1998",5570
"1110","RD_EUR","PT","1998",2296
"1111","RD_EUR","RO","1998",4672
"1112","RD_EUR","SE","1998",4873
"1113","RD_EUR","SI","1998",610
"1114","RD_EUR","SK","1998",1583
"1116","RD_EUR","UK","1998",3813
"1117","MWAY","AT","1997",1613
"1118","MWAY","BE","1997",1679
"1119","MWAY","BG","1997",314
"1120","MWAY","CH","1997",1258
"1121","MWAY","CY","1997",193.5
"1122","MWAY","CZ","1997",486
"1123","MWAY","DE","1997",11309
"1124","MWAY","DK","1997",855
"1125","MWAY","EE","1997",68
"1127","MWAY","ES","1997",7750
"1128","MWAY","FI","1997",444
"1129","MWAY","FR","1997",8864
"1130","MWAY","HR","1997",330
"1131","MWAY","HU","1997",382
"1132","MWAY","IE","1997",94
"1134","MWAY","IT","1997",6469
"1135","MWAY","LT","1997",410
"1137","MWAY","LV","1997",0
"1138","MWAY","MK","1997",144
"1139","MWAY","NL","1997",2336
"1140","MWAY","NO","1997",109
"1141","MWAY","PL","1997",264
"1142","MWAY","PT","1997",797
"1143","MWAY","RO","1997",113
"1144","MWAY","SE","1997",1423
"1145","MWAY","SI","1997",330
"1146","MWAY","SK","1997",218.9
"1147","MWAY","TR","1997",1560
"1148","MWAY","UK","1997",3378
"1149","RD_EUR","AT","1997",2247
"1152","RD_EUR","CH","1997",1383
"1153","RD_EUR","CY","1997",0
"1154","RD_EUR","CZ","1997",2655
"1156","RD_EUR","DK","1997",933
"1157","RD_EUR","EE","1997",426.6
"1159","RD_EUR","FI","1997",3657
"1161","RD_EUR","HR","1997",2153
"1162","RD_EUR","HU","1997",2001
"1163","RD_EUR","IE","1997",794
"1166","RD_EUR","LT","1997",675
"1167","RD_EUR","LV","1997",202
"1168","RD_EUR","MK","1997",541
"1169","RD_EUR","MT","1997",0
"1170","RD_EUR","NO","1997",6255
"1171","RD_EUR","PL","1997",5547
"1172","RD_EUR","PT","1997",2405
"1173","RD_EUR","RO","1997",4670
"1174","RD_EUR","SE","1997",4876
"1175","RD_EUR","SI","1997",652
"1176","RD_EUR","SK","1997",1590.4
"1178","RD_EUR","UK","1997",3813
"1179","MWAY","AT","1996",1607
"1180","MWAY","BE","1996",1674
"1181","MWAY","BG","1996",314
"1182","MWAY","CH","1996",1594
"1183","MWAY","CY","1996",167.5
"1184","MWAY","CZ","1996",423
"1185","MWAY","DE","1996",11246
"1186","MWAY","DK","1996",832
"1187","MWAY","EE","1996",65
"1189","MWAY","ES","1996",7295
"1190","MWAY","FI","1996",431
"1191","MWAY","FR","1996",8596
"1192","MWAY","HR","1996",318
"1193","MWAY","HU","1996",365
"1194","MWAY","IE","1996",80
"1196","MWAY","IT","1996",6465
"1197","MWAY","LT","1996",404
"1199","MWAY","LV","1996",0
"1200","MWAY","MK","1996",144
"1202","MWAY","NO","1996",103
"1203","MWAY","PL","1996",258
"1204","MWAY","PT","1996",710
"1205","MWAY","RO","1996",113
"1206","MWAY","SE","1996",1350
"1207","MWAY","SI","1996",310
"1208","MWAY","SK","1996",215
"1209","MWAY","TR","1996",1405
"1210","MWAY","UK","1996",3298
"1211","RD_EUR","AT","1996",2235
"1212","RD_EUR","BE","1996",143800
"1215","RD_EUR","CY","1996",0
"1216","RD_EUR","CZ","1996",2655
"1218","RD_EUR","DK","1996",913
"1221","RD_EUR","FI","1996",3664
"1223","RD_EUR","HR","1996",2153
"1224","RD_EUR","HU","1996",2001
"1228","RD_EUR","LT","1996",675
"1229","RD_EUR","LV","1996",202
"1230","RD_EUR","MK","1996",541
"1231","RD_EUR","MT","1996",0
"1232","RD_EUR","NO","1996",4659
"1233","RD_EUR","PL","1996",5547
"1234","RD_EUR","PT","1996",2382
"1235","RD_EUR","RO","1996",4670
"1236","RD_EUR","SE","1996",4875
"1237","RD_EUR","SI","1996",652
"1240","RD_EUR","UK","1996",3796
"1241","MWAY","AT","1995",1596
"1242","MWAY","BE","1995",1666
"1244","MWAY","CH","1995",1540
"1245","MWAY","CY","1995",167.5
"1246","MWAY","CZ","1995",414
"1247","MWAY","DE","1995",11190
"1248","MWAY","DK","1995",796
"1249","MWAY","EE","1995",65
"1251","MWAY","ES","1995",6962
"1252","MWAY","FI","1995",394
"1253","MWAY","FR","1995",8275
"1254","MWAY","HR","1995",302
"1255","MWAY","HU","1995",335
"1256","MWAY","IE","1995",70
"1258","MWAY","IT","1995",6435
"1259","MWAY","LT","1995",394
"1261","MWAY","LV","1995",0
"1262","MWAY","MK","1995",138
"1263","MWAY","NL","1995",2208
"1264","MWAY","NO","1995",107
"1265","MWAY","PL","1995",246
"1266","MWAY","PT","1995",687
"1267","MWAY","RO","1995",113
"1268","MWAY","SE","1995",1262
"1269","MWAY","SI","1995",293
"1270","MWAY","SK","1995",198
"1271","MWAY","TR","1995",1246
"1272","MWAY","UK","1995",3269
"1273","RD_EUR","AT","1995",2229
"1274","RD_EUR","BE","1995",143175
"1277","RD_EUR","CY","1995",0
"1278","RD_EUR","CZ","1995",2655
"1280","RD_EUR","DK","1995",916
"1283","RD_EUR","FI","1995",3664
"1285","RD_EUR","HR","1995",2153
"1286","RD_EUR","HU","1995",2001
"1290","RD_EUR","LT","1995",0
"1291","RD_EUR","LV","1995",202
"1292","RD_EUR","MK","1995",584
"1293","RD_EUR","MT","1995",0
"1294","RD_EUR","NO","1995",4658
"1295","RD_EUR","PL","1995",4846
"1296","RD_EUR","PT","1995",2378
"1297","RD_EUR","RO","1995",4636
"1298","RD_EUR","SE","1995",4875
"1299","RD_EUR","SI","1995",652
"1302","RD_EUR","UK","1995",3796
"1303","MWAY","AT","1994",1559
"1304","MWAY","BE","1994",1666
"1306","MWAY","CH","1994",1184
"1307","MWAY","CY","1994",159
"1308","MWAY","CZ","1994",392
"1309","MWAY","DE","1994",11143
"1310","MWAY","DK","1994",796
"1311","MWAY","EE","1994",64
"1313","MWAY","ES","1994",6497
"1314","MWAY","FI","1994",388
"1315","MWAY","FR","1994",7956
"1316","MWAY","HR","1994",302
"1317","MWAY","HU","1994",293
"1318","MWAY","IE","1994",72
"1320","MWAY","IT","1994",6375
"1321","MWAY","LT","1994",394
"1322","MWAY","LU","1994",121
"1323","MWAY","LV","1994",0
"1324","MWAY","MK","1994",103
"1326","MWAY","NO","1994",94
"1327","MWAY","PL","1994",245
"1328","MWAY","PT","1994",587
"1329","MWAY","RO","1994",113
"1330","MWAY","SE","1994",1125
"1331","MWAY","SI","1994",277
"1332","MWAY","SK","1994",198
"1333","MWAY","TR","1994",1167
"1334","MWAY","UK","1994",3242
"1335","RD_EUR","AT","1994",2229
"1336","RD_EUR","BE","1994",142430
"1338","RD_EUR","CH","1994",1390
"1339","RD_EUR","CY","1994",0
"1340","RD_EUR","CZ","1994",2607
"1342","RD_EUR","DK","1994",980
"1343","RD_EUR","EE","1994",198
"1345","RD_EUR","FI","1994",3621
"1347","RD_EUR","HR","1994",2049
"1348","RD_EUR","HU","1994",2072
"1349","RD_EUR","IE","1994",791
"1352","RD_EUR","LT","1994",0
"1353","RD_EUR","LV","1994",0
"1354","RD_EUR","MK","1994",520
"1355","RD_EUR","MT","1994",0
"1356","RD_EUR","NO","1994",4671
"1357","RD_EUR","PL","1994",4846
"1358","RD_EUR","PT","1994",2045
"1359","RD_EUR","RO","1994",4509
"1360","RD_EUR","SE","1994",4877
"1361","RD_EUR","SI","1994",663
"1363","RD_EUR","TR","1994",7113
"1364","RD_EUR","UK","1994",3774
"1365","MWAY","AT","1993",1557
"1366","MWAY","BE","1993",1665
"1368","MWAY","CH","1993",1184
"1369","MWAY","CY","1993",154
"1370","MWAY","CZ","1993",390
"1371","MWAY","DE","1993",11080
"1372","MWAY","DK","1993",747
"1373","MWAY","EE","1993",62
"1375","MWAY","ES","1993",6577
"1376","MWAY","FI","1993",337
"1377","MWAY","FR","1993",7614
"1378","MWAY","HR","1993",302
"1379","MWAY","HU","1993",269
"1380","MWAY","IE","1993",53
"1382","MWAY","IT","1993",6401
"1383","MWAY","LT","1993",394
"1384","MWAY","LU","1993",100
"1385","MWAY","LV","1993",0
"1386","MWAY","MK","1993",103
"1389","MWAY","PL","1993",231
"1390","MWAY","PT","1993",579
"1391","MWAY","RO","1993",113
"1392","MWAY","SE","1993",1061
"1393","MWAY","SI","1993",268
"1394","MWAY","SK","1993",198
"1395","MWAY","TR","1993",1070
"1396","MWAY","UK","1993",3211
"1397","RD_EUR","AT","1993",2485
"1398","RD_EUR","BE","1993",141629
"1400","RD_EUR","CH","1993",1390
"1402","RD_EUR","CZ","1993",2655
"1403","RD_EUR","DE","1993",10446
"1404","RD_EUR","DK","1993",995
"1405","RD_EUR","EE","1993",199
"1407","RD_EUR","FI","1993",3624
"1409","RD_EUR","HR","1993",2049
"1410","RD_EUR","HU","1993",2072
"1411","RD_EUR","IE","1993",791
"1414","RD_EUR","LT","1993",0
"1415","RD_EUR","LV","1993",0
"1416","RD_EUR","MK","1993",520
"1417","RD_EUR","MT","1993",0
"1418","RD_EUR","NO","1993",4660
"1419","RD_EUR","PL","1993",4846
"1420","RD_EUR","PT","1993",2037
"1421","RD_EUR","RO","1993",4509
"1422","RD_EUR","SE","1993",4877
"1423","RD_EUR","SI","1993",663
"1425","RD_EUR","TR","1993",7081
"1426","RD_EUR","UK","1993",3774
"1427","MWAY","AT","1992",1554
"1428","MWAY","BE","1992",1658
"1430","MWAY","CH","1992",1164
"1431","MWAY","CY","1992",154
"1432","MWAY","CZ","1992",366
"1433","MWAY","DE","1992",11013
"1434","MWAY","DK","1992",696
"1435","MWAY","EE","1992",60
"1436","MWAY","EL","1992",280
"1437","MWAY","ES","1992",6486
"1438","MWAY","FI","1992",318
"1439","MWAY","FR","1992",7408
"1440","MWAY","HR","1992",292
"1441","MWAY","HU","1992",269
"1442","MWAY","IE","1992",32
"1444","MWAY","IT","1992",6289
"1445","MWAY","LT","1992",382
"1446","MWAY","LU","1992",95
"1447","MWAY","LV","1992",0
"1448","MWAY","MK","1992",103
"1449","MWAY","NL","1992",2134
"1451","MWAY","PL","1992",257
"1452","MWAY","PT","1992",520
"1453","MWAY","RO","1992",113
"1454","MWAY","SE","1992",1005
"1455","MWAY","SI","1992",254
"1456","MWAY","SK","1992",198
"1457","MWAY","TR","1992",757
"1458","MWAY","UK","1992",3246
"1460","RD_EUR","BE","1992",142300
"1462","RD_EUR","CH","1992",1390
"1466","RD_EUR","DK","1992",1007
"1467","RD_EUR","EE","1992",199
"1469","RD_EUR","FI","1992",3627
"1471","RD_EUR","HR","1992",1366
"1472","RD_EUR","HU","1992",2072
"1473","RD_EUR","IE","1992",791
"1475","RD_EUR","IT","1992",5837
"1476","RD_EUR","LT","1992",0
"1477","RD_EUR","LV","1992",0
"1478","RD_EUR","MK","1992",520
"1479","RD_EUR","MT","1992",0
"1480","RD_EUR","NO","1992",4674
"1481","RD_EUR","PL","1992",4846
"1482","RD_EUR","PT","1992",2045
"1483","RD_EUR","RO","1992",4509
"1484","RD_EUR","SE","1992",4877
"1485","RD_EUR","SI","1992",638
"1487","RD_EUR","TR","1992",7062
"1488","RD_EUR","UK","1992",3718
"1489","MWAY","AT","1991",1450
"1490","MWAY","BE","1991",1650
"1492","MWAY","CH","1991",1152
"1493","MWAY","CY","1991",154
"1494","MWAY","CZ","1991",362
"1495","MWAY","DE","1991",10955
"1496","MWAY","DK","1991",653
"1497","MWAY","EE","1991",50
"1498","MWAY","EL","1991",225
"1499","MWAY","ES","1991",5235
"1500","MWAY","FI","1991",249
"1501","MWAY","FR","1991",7080
"1502","MWAY","HR","1991",302
"1503","MWAY","HU","1991",269
"1504","MWAY","IE","1991",32
"1506","MWAY","IT","1991",6301
"1507","MWAY","LT","1991",376
"1508","MWAY","LU","1991",78
"1509","MWAY","LV","1991",0
"1510","MWAY","MK","1991",103
"1513","MWAY","PL","1991",239
"1514","MWAY","PT","1991",474
"1515","MWAY","RO","1991",113
"1516","MWAY","SE","1991",968
"1517","MWAY","SI","1991",246
"1518","MWAY","SK","1991",198
"1519","MWAY","TR","1991",387
"1520","MWAY","UK","1991",3211
"1524","RD_EUR","CH","1991",1390
"1529","RD_EUR","EE","1991",199
"1531","RD_EUR","FI","1991",3597
"1533","RD_EUR","HR","1991",1994
"1538","RD_EUR","LT","1991",0
"1539","RD_EUR","LV","1991",0
"1540","RD_EUR","MK","1991",564
"1541","RD_EUR","MT","1991",0
"1542","RD_EUR","NO","1991",4062
"1546","RD_EUR","SE","1991",4456
"1547","RD_EUR","SI","1991",631
"1549","RD_EUR","TR","1991",5460
"1551","MWAY","AT","1990",1445
"1552","MWAY","BE","1990",1666
"1553","MWAY","BG","1990",273
"1554","MWAY","CH","1990",1148
"1555","MWAY","CY","1990",154
"1556","MWAY","CZ","1990",357
"1557","MWAY","DE","1990",10854
"1558","MWAY","DK","1990",601
"1559","MWAY","EE","1990",41
"1560","MWAY","EL","1990",190
"1561","MWAY","ES","1990",4693
"1562","MWAY","FI","1990",225
"1563","MWAY","FR","1990",6824
"1564","MWAY","HR","1990",291
"1565","MWAY","HU","1990",267
"1566","MWAY","IE","1990",26
"1568","MWAY","IT","1990",6193
"1569","MWAY","LT","1990",370
"1570","MWAY","LU","1990",78
"1571","MWAY","LV","1990",0
"1572","MWAY","MK","1990",83
"1573","MWAY","NL","1990",2092
"1574","MWAY","NO","1990",73
"1575","MWAY","PL","1990",257
"1576","MWAY","PT","1990",316
"1577","MWAY","RO","1990",113
"1578","MWAY","SE","1990",939
"1579","MWAY","SI","1990",228
"1580","MWAY","SK","1990",192
"1581","MWAY","TR","1990",281
"1582","MWAY","UK","1990",3181
"1583","RD_EUR","AT","1990",5403
"1586","RD_EUR","CH","1990",1390
"1595","RD_EUR","HR","1990",2077
"1599","RD_EUR","IT","1990",5837
"1600","RD_EUR","LT","1990",0
"1601","RD_EUR","LV","1990",0
"1602","RD_EUR","MK","1990",565
"1603","RD_EUR","MT","1990",0
"1604","RD_EUR","NO","1990",4868
"1608","RD_EUR","SE","1990",4410
"1609","RD_EUR","SI","1990",631
"1611","RD_EUR","TR","1990",5460
"1613","MWAY","AT","1989",1406
"1614","MWAY","BE","1989",1631
"1616","MWAY","CH","1989",1495
"1619","MWAY","DE","1989",8822
"1620","MWAY","DK","1989",601
"1622","MWAY","EL","1989",120
"1623","MWAY","ES","1989",3785
"1624","MWAY","FI","1989",215
"1625","MWAY","FR","1989",6680
"1630","MWAY","IT","1989",6193
"1632","MWAY","LU","1989",78
"1635","MWAY","NL","1989",2061
"1638","MWAY","PT","1989",256
"1640","MWAY","SE","1989",929
"1644","MWAY","UK","1989",3093
"1666","RD_EUR","NO","1989",4852
"1670","RD_EUR","SE","1989",4230
"1676","MWAY","BE","1988",1613
"1678","MWAY","CH","1988",1486
"1681","MWAY","DE","1988",8721
"1682","MWAY","DK","1988",599
"1684","MWAY","EL","1988",91
"1685","MWAY","ES","1988",2859
"1686","MWAY","FI","1988",214
"1687","MWAY","FR","1988",6328
"1692","MWAY","IT","1988",6091
"1694","MWAY","LU","1988",75
"1697","MWAY","NL","1988",2045
"1700","MWAY","PT","1988",211
"1702","MWAY","SE","1988",926
"1706","MWAY","UK","1988",3104
"1738","MWAY","BE","1987",1567
"1743","MWAY","DE","1987",8618
"1744","MWAY","DK","1987",599
"1746","MWAY","EL","1987",91
"1747","MWAY","ES","1987",2276
"1748","MWAY","FI","1987",204
"1749","MWAY","FR","1987",6206
"1754","MWAY","IT","1987",6091
"1756","MWAY","LU","1987",58
"1759","MWAY","NL","1987",1984
"1762","MWAY","PT","1987",211
"1764","MWAY","SE","1987",901
"1768","MWAY","UK","1987",3092
"1800","MWAY","BE","1986",1549
"1805","MWAY","DE","1986",8437
"1806","MWAY","DK","1986",593
"1808","MWAY","EL","1986",91
"1809","MWAY","ES","1986",2154
"1810","MWAY","FI","1986",204
"1811","MWAY","FR","1986",6019
"1816","MWAY","IT","1986",5997
"1818","MWAY","LU","1986",58
"1821","MWAY","NL","1986",1978
"1824","MWAY","PT","1986",196
"1826","MWAY","SE","1986",901
"1830","MWAY","UK","1986",3038
"1862","MWAY","BE","1985",1534
"1867","MWAY","DE","1985",8350
"1868","MWAY","DK","1985",593
"1870","MWAY","EL","1985",91
"1871","MWAY","ES","1985",2117
"1872","MWAY","FI","1985",204
"1873","MWAY","FR","1985",5885
"1878","MWAY","IT","1985",5955
"1880","MWAY","LU","1985",58
"1883","MWAY","NL","1985",1915
"1886","MWAY","PT","1985",196
"1888","MWAY","SE","1985",901
"1892","MWAY","UK","1985",2951
"1924","MWAY","BE","1984",1476
"1929","MWAY","DE","1984",8198
"1930","MWAY","DK","1984",539
"1932","MWAY","EL","1984",91
"1933","MWAY","ES","1984",2064
"1934","MWAY","FI","1984",204
"1935","MWAY","FR","1984",5497
"1940","MWAY","IT","1984",5941
"1942","MWAY","LU","1984",58
"1945","MWAY","NL","1984",1956
"1948","MWAY","PT","1984",195
"1950","MWAY","SE","1984",898
"1954","MWAY","UK","1984",2895
"1986","MWAY","BE","1983",1456
"1991","MWAY","DE","1983",8080
"1992","MWAY","DK","1983",518
"1994","MWAY","EL","1983",91
"1995","MWAY","ES","1983",2050
"1996","MWAY","FI","1983",204
"1997","MWAY","FR","1983",5497
"2002","MWAY","IT","1983",5901
"2004","MWAY","LU","1983",58
"2007","MWAY","NL","1983",1884
"2010","MWAY","PT","1983",169
"2012","MWAY","SE","1983",859
"2016","MWAY","UK","1983",2822
"2048","MWAY","BE","1982",1388
"2053","MWAY","DE","1982",7919
"2054","MWAY","DK","1982",516
"2056","MWAY","EL","1982",91
"2057","MWAY","ES","1982",1963
"2058","MWAY","FI","1982",204
"2059","MWAY","FR","1982",5290
"2064","MWAY","IT","1982",5901
"2066","MWAY","LU","1982",44
"2069","MWAY","NL","1982",1841
"2072","MWAY","PT","1982",169
"2074","MWAY","SE","1982",865
"2078","MWAY","UK","1982",2765
"2110","MWAY","BE","1981",1315
"2115","MWAY","DE","1981",7784
"2116","MWAY","DK","1981",515
"2118","MWAY","EL","1981",91
"2119","MWAY","ES","1981",1959
"2120","MWAY","FI","1981",204
"2121","MWAY","FR","1981",5289
"2126","MWAY","IT","1981",5900
"2128","MWAY","LU","1981",44
"2131","MWAY","NL","1981",1831
"2134","MWAY","PT","1981",132
"2136","MWAY","SE","1981",825
"2140","MWAY","UK","1981",2748
"2172","MWAY","BE","1980",1251
"2177","MWAY","DE","1980",7538
"2178","MWAY","DK","1980",504
"2180","MWAY","EL","1980",91
"2181","MWAY","ES","1980",1923
"2182","MWAY","FI","1980",185
"2183","MWAY","FR","1980",5287
"2188","MWAY","IT","1980",5900
"2190","MWAY","LU","1980",44
"2193","MWAY","NL","1980",1798
"2194","MWAY","NO","1980",57
"2196","MWAY","PT","1980",132
"2198","MWAY","SE","1980",809
"2202","MWAY","UK","1980",2694
"2234","MWAY","BE","1979",1203
"2239","MWAY","DE","1979",7292
"2240","MWAY","DK","1979",464
"2242","MWAY","EL","1979",86
"2243","MWAY","ES","1979",1769
"2245","MWAY","FR","1979",4895
"2250","MWAY","IT","1979",5900
"2252","MWAY","LU","1979",44
"2255","MWAY","NL","1979",1774
"2258","MWAY","PT","1979",74
"2260","MWAY","SE","1979",809
"2264","MWAY","UK","1979",2578
"2322","MWAY","SE","1978",766
"2384","MWAY","SE","1977",745
"2446","MWAY","SE","1976",715
"2482","MWAY","BE","1975",1051
"2487","MWAY","DE","1975",6207
"2488","MWAY","DK","1975",345
"2490","MWAY","EL","1975",76
"2491","MWAY","ES","1975",1746
"2492","MWAY","FI","1975",168
"2493","MWAY","FR","1975",3119
"2498","MWAY","IT","1975",5329
"2500","MWAY","LU","1975",23
"2503","MWAY","NL","1975",1525
"2506","MWAY","PT","1975",90
"2508","MWAY","SE","1975",692
"2512","MWAY","UK","1975",2082
"2570","MWAY","SE","1974",642
"2632","MWAY","SE","1973",607
"2694","MWAY","SE","1972",547
"2756","MWAY","SE","1971",441
"2792","MWAY","BE","1970",501
"2797","MWAY","DE","1970",4461
"2798","MWAY","DK","1970",198
"2800","MWAY","EL","1970",65
"2801","MWAY","ES","1970",1585
"2802","MWAY","FI","1970",152
"2803","MWAY","FR","1970",1542
"2808","MWAY","IT","1970",3913
"2810","MWAY","LU","1970",7
"2813","MWAY","NL","1970",975
"2814","MWAY","NO","1970",41
"2816","MWAY","PT","1970",60
"2818","MWAY","SE","1970",403
"2822","MWAY","UK","1970",1133
